,decoder,average sd
0,tcfnn,0.062099805319824786
1,nobn,0.05210233151066522
2,nodp,0.14460871626835686
3,noreg,0.07592992472691054
